id1,id2,problem,plagio,similarity
0fd5b95a,6490bbe8,19,0,0.20028368078330716
464a03b8,ff1fc018,20,0,0.42750841649193455
3e6def38,548ffb07,14,1,0.9999999999999999
0b91922c,71a4f6d2,6,0,0.18675302810175823
9291ca83,d6fb3b9e,15,0,0.39958550935016435
213340b3,35f0c004,4,0,0.2143446613240464
7bc92b7f,9028caf7,19,0,0.2340030934777773
6f393cfe,b185d034,15,0,0.22421366239397209
1dab88fb,bac616ee,3,0,0.195966885157834
115c99cb,921b6e4a,14,1,0.9999999999999999
5be7547e,cb032314,3,0,0.20155351381764053
4e9c4bf9,7011024d,19,0,0.16815809423074454
11c2ab99,bdfe8110,8,1,0.9992776685883408
680ba922,6e207cbf,4,0,0.19875715406700764
14b0fb8e,8ddb5587,19,0,0.15521015041606512
16a2a867,3951966f,19,0,0.1778620761166459
bf0df1d5,ea899386,9,1,0.1792681056813687
b2001d68,ba468e1f,20,0,0.09799644190216864
35eb27da,64ce7b1e,12,0,0.22804318268576004
5aebbb1b,e647bef7,2,0,0.1888207203674476
30e0cc81,b55888de,15,0,0.172135867486313
05f939b3,e647bef7,2,0,0.15513121780283512
976fe834,da54dec3,10,0,0.17958627579539463
a4d6775d,cb87df79,19,1,0.2907075190145023
18e2441c,24b20554,9,1,0.17513944358604275
b2590225,fdcbdf85,9,0,0.19627561282647926
317a209c,6b97058e,14,1,0.9999999999999999
3088ca9c,7a9c69d8,15,1,0.30061441487859136
6946f466,ce7027ee,10,1,0.3362459347678593
80881cae,9555b9d1,21,0,0.15858307124440008
24afd00e,810fd282,1,0,0.1822286953091734
6bcc5afd,734a94be,19,1,0.15333494574513232
04ed33a5,6b83b22e,17,1,0.9999999999999999
c1fef98f,f870e76b,8,0,0.2064136762246308
949502c2,9fc811f7,2,1,0.21531196878936595
4ea10951,66e74577,4,0,0.20315922938822487
cdb801a1,ed610dc9,18,0,0.20413798159714058
752ea9a5,b2ec0eff,9,0,0.24059946356231962
701c3f35,d56bcb0c,4,0,0.21960636561105548
317a209c,921b6e4a,14,1,0.9999999999999999
6f02c6d9,ff34fab2,20,1,0.18549091535955384
1be078c4,bb0949b3,8,0,0.21209267359981981
01c915a2,480de7be,15,0,0.15727518982503125
6be98ece,e1c4f3db,16,0,0.19503287931888463
6825260d,c972dd00,4,1,0.33247032659385756
2e1109d7,e7000ac2,19,1,0.4169308307810109
9028caf7,d221162a,19,0,0.19692426424590737
74b5ad88,dc575a6c,1,0,0.2083348496104223
63a24497,6e5ab1d2,4,1,0.19740950082795197
1097b326,a60fba84,18,0,0.1660018960906242
3d06b643,6bcc5afd,19,1,0.27804530766094265
6f02c6d9,884f5678,20,1,0.15951252830691356
23194f89,bcc5473d,21,0,0.19504859744458453
0d4d22e0,f898cee0,10,0,0.16259332151951797
3dd65549,f229aa7f,4,0,0.24804863912263247
44428e63,9debf95c,18,0,0.13497113098151117
18e2441c,43b10dec,9,1,0.19050034476312416
3a318b43,90b71536,1,0,0.1839685801379659
3e6def38,e7dce35b,14,1,0.18945773918675385
6bcc5afd,f6ca6fc8,19,1,0.49393094839174195
7c11511f,ca8f11a4,4,1,0.1508528953541991
1984bef1,2063ba3e,16,0,0.20899599819600287
0df4050e,f5fde094,20,0,0.18859512372839127
6e7cd58b,cfba313d,15,1,0.23883427118029674
2470b521,f6ca6fc8,19,0,0.20439743706096383
2f8c3bf3,a3abac01,8,1,0.20288917803883935
66e74577,6e207cbf,4,0,0.2184129268275924
1f6b81b1,51151974,15,0,0.20851620937582785
0017d438,9852706b,9,1,0.24519838825930107
0c173033,6b83b22e,17,1,0.2187452854131645
24044589,e435b1ac,9,0,0.22585618610883482
8535bdf7,e86eb5b0,1,0,0.16282623078076322
83b44c9c,ed610dc9,18,0,0.1782868290488722
2c7a0000,4201fdf7,19,1,0.2540543927093383
24b20554,43b10dec,9,1,0.16785373261065348
175201f9,40cc90ae,15,0,0.18269938915652675
1469697d,69c86b61,21,1,0.9999999999999999
2db37cb1,875ed4c8,3,0,0.18401493328951682
9e7551da,f0e13442,15,1,0.5967388522883598
354d060f,e1c4f3db,16,0,0.1647607721319293
44428e63,c850e422,18,0,0.20320686098572302
4dc0247e,875ed4c8,3,0,0.254032678748596
bd65846f,d018b49f,19,0,0.17882990001128915
71e0f2e5,b226c49a,3,0,0.2153625330560626
7d7cf9a7,e45446bc,18,0,0.14972205063028304
8d6f1bf5,dc281165,4,0,0.17253827116674225
3666e0e8,ac7187d8,18,0,0.18478155246487424
680ba922,76ad805a,4,0,0.19974076734326568
69b2fd22,9028caf7,19,1,1.0
3afcc566,d8a171a3,4,0,0.1737832639625927
0ca738ce,931faca2,14,0,0.17186545959526098
2120328e,52cd85f2,20,0,0.22594116948034768
4e5ee0f7,d6fb3b9e,15,0,0.1668136540955992
d55c238c,ebce9e39,9,1,1.0000000000000002
54eb12ca,949502c2,2,0,0.20673235823242844
11c2ab99,e6a6e318,8,1,0.2537461578291468
3afcc566,3dd65549,4,0,0.1867195274708668
35f0c004,efa38999,4,0,0.17923513957934714
42fe7dd0,9291ca83,15,1,0.42901771351100537
5a81e159,866a2d52,1,0,0.16438615910820092
3d245498,7838095f,17,1,0.38059388160442753
26e699de,fcc7e8fa,4,0,0.17041465307213013
9028caf7,e6b7a899,19,0,0.2004311582056203
b2590225,f7fc2e94,9,0,0.18839419162584006
558df7d4,f0d91796,17,1,0.2393829211113162
bf85ab7b,e48933fa,1,0,0.18649795943510714
722e318f,ff1fc018,20,0,0.1773238315354847
68cdd55d,c18048bf,3,0,0.16753053282206937
0fd5b95a,41e72d4f,19,0,0.19998779694680865
16857116,e185bce5,4,0,0.20103227567106666
1dab88fb,7b5f64b7,3,0,0.1999645261235405
680ba922,ee4b9467,4,0,0.17633736282768683
0c1143f7,960a4c0f,18,0,0.19557476591079098
3d88acb8,b6023b26,11,0,0.2670634665069838
9069684f,bf85ab7b,1,0,0.2092563585042599
32ff22fe,f0d91796,17,0,0.21929026949768526
36f1b52a,558df7d4,17,1,0.18216143217800848
39098126,3bcd2014,16,0,0.18923484033651705
0588b869,9028caf7,19,0,0.19270730693128177
22b41936,8f855b99,19,0,0.1795562535505874
584b0e9e,722e318f,20,0,0.23452346917383782
7814575b,8cfe3ee0,15,0,0.1900036790171806
034030f3,bf992c91,19,1,0.18552399529459537
99bc7da3,ced4639e,7,0,0.20973542151303165
403e3270,58d18fca,16,1,0.21772420627205877
80881cae,a7e7f371,21,1,0.25209633812232746
4a570de6,9852706b,9,0,0.20070566110083574
316c9955,e7370eec,1,0,0.2033074942674087
375489f2,a4c98ae1,19,0,0.20048724776916618
26e699de,e99c14b9,4,0,0.20947487576463958
2695ce73,ac8acb97,18,1,0.19558305991774008
1162c08f,a4d6775d,19,1,0.2732869154145237
480de7be,f4757480,15,1,0.2892842216259084
2120328e,b790ef12,20,1,0.18316141393707105
6e207cbf,e19376ca,4,0,0.21065173646255764
9028caf7,a4e39423,19,0,0.21467772613807726
80881cae,f8e7b886,21,0,0.2383101494414909
43855bfe,ddcadc64,17,0,0.23638300600137144
7279bcb3,cfba313d,15,1,0.19205758206358678
a4e39423,ba8800f5,19,0,0.19699806479232734
af2b138c,e45446bc,18,1,0.17824430868239668
10bbe9de,48993e07,8,0,0.18882393639962392
927384f2,d4779c71,6,0,0.17129456122479536
aa8091b0,ac180326,9,0,0.18175926772532505
692a4496,f7006f16,5,0,0.19118241184323495
b9595381,c4ca2ff3,15,0,0.22345397040179596
2ef4c176,fa1bf524,1,0,0.20858967466180436
8703709f,f0801d53,21,0,0.2511729045846065
56a90e79,b505f95e,8,0,0.2224254414493702
0ea5a836,3c74c140,15,0,0.17992601578660236
63118334,c392efe7,2,0,0.18758387797460838
14b0fb8e,d221162a,19,1,0.2288927063984802
ca8f11a4,e19376ca,4,0,0.21624145994960145
d2eb953e,dcf09f37,1,0,0.17166881790371988
a368f345,b434c275,15,0,0.16275942664330498
1adac634,ee0bc145,21,0,0.20666957575674225
73f57af1,ac8ef97c,1,0,0.15879782742136894
0ee2f8f1,587307f2,16,1,1.0
5bf01190,79b9b897,18,0,0.17940009171809332
5b9a0551,9debf95c,18,0,0.17391088319281098
476e94d3,9310ad0c,21,0,0.20616295137064058
2b2d3b84,9fd33d5a,8,0,0.20188246618142766
26e699de,f229aa7f,4,0,0.1847871199065485
169e34bf,d9199dfd,20,0,0.23917645711284635
0ecf356d,71a4f6d2,6,1,0.17411147171837948
1162c08f,6653a758,19,1,0.5695346825093596
1410e423,e90a198b,4,0,0.1984344046672501
f229aa7f,fcc7e8fa,4,0,0.19887887260704906
127af3a7,99ccaa44,3,0,0.21619685116785947
268eb6c6,3cf63146,8,0,0.1645060220437612
3c74c140,732c98a0,15,1,0.23580706047264807
4241f473,4685c420,15,0,0.19451436245687068
522458fc,702694f5,5,0,0.1736917934715462
ca8f11a4,e185bce5,4,0,0.2310535280792162
0922b7e7,d1cd194e,9,0,0.21288386838436213
201e3463,de599e42,11,1,0.2161238982387545
624b8db5,eacc407e,3,0,0.1981020236292179
929b98f0,bf85ab7b,1,0,0.23564957722752036
856a8eda,c354b74f,9,0,0.22834319015200433
55ab9b5d,c6113c06,15,1,0.19756454871001966
35bb6075,ed728769,15,0,0.18297623177729924
2c7a0000,bd50e3fe,19,1,0.29237278277306966
ac2dfc53,c4187a0e,5,0,0.18775623677193692
25597bcb,86232d21,9,0,0.21377266718631577
086f0f90,4a570de6,9,0,0.22625311611357116
1162c08f,eea69e7f,19,0,0.33496457413551933
55ab9b5d,ae4d5b49,15,0,0.18787044063316272
6e7cd58b,7279bcb3,15,1,0.19511026768726297
3e1442a3,d0e27497,3,0,0.1917410984719688
83b44c9c,e431de28,18,0,0.20955644402623191
4552d8a0,d3a96420,20,0,0.1669812489402628
1410e423,da5cf40b,4,0,0.20605425100946506
3d06b643,cb87df79,19,1,0.2952081575987567
034030f3,9e4ddc38,19,0,0.22755204072154747
9291ca83,b185d034,15,1,0.20235143592428007
1dab88fb,4138b081,3,0,0.18796765068213475
80e6c4db,f22a4243,13,0,0.18729863453001067
9291ca83,d61f51c5,15,0,0.08814022144759433
1c90c367,f0801d53,21,1,0.11802042332793591
018c15bd,378bb1ca,18,0,0.17791310932469945
1ea771ea,2f8c3bf3,8,0,0.14531246463993439
0951d079,71a4f6d2,6,1,0.23556116493899684
1480a727,a7d1ce58,21,1,0.1947547974989495
3bd7275e,8635bc10,13,0,0.19671228091544307
0c9d4def,1a6f8b20,15,0,0.18551145064080957
eea69e7f,f6ca6fc8,19,0,0.32223925563609274
3088ca9c,f6ed6826,15,0,0.1800863169482455
4d279121,a3e272af,9,0,0.19167553285264377
9debf95c,ac596a43,18,1,1.0000000000000002
343cc8e7,7f69a9e8,6,0,0.1809068394889522
085ddefc,1500a4fa,4,0,0.1991886843343683
bdfe8110,c57a973e,8,1,0.29616561807171904
45f5632f,5dc1f7b3,19,0,0.20036298098588187
3b5cec19,8f31b279,9,1,0.2357699875090507
3380fa52,48993e07,8,1,0.18112950880775303
22b41936,45f5632f,19,0,0.18535294680676506
6b97058e,921b6e4a,14,1,0.9999999999999999
4be01508,b7de5c19,3,0,0.20679495824899896
161b4a40,da5cf40b,4,0,0.18310258438388427
3dd65549,c1638a45,4,0,0.2623696756269914
6e207cbf,76ad805a,4,0,0.19113378698829186
3368f340,d8a171a3,4,0,0.2049469660189878
464a03b8,c9159d9c,20,0,0.18010466068233974
a8f7c8b7,c1638a45,4,0,0.16157357206948203
1c90c367,e52863b8,21,0,0.1252195731932929
018c9543,d1dbc56a,7,0,0.20347325783921533
1be078c4,f339ef6f,8,0,0.2010372164086714
120878da,ac180326,9,0,0.1995711401103713
3f939694,54488276,15,0,0.20712979766634362
49e94e7e,d7a8434f,4,0,0.21432728258946343
ba468e1f,fb312dc6,20,0,0.23985351793521695
953ac418,ba9b94f7,8,0,0.18999546003079584
07038b12,a18cb2c1,3,0,0.15064293219455882
69c97258,db01da00,19,0,0.16779090303023808
ac121776,eb6cfca7,18,0,0.20634863159328082
c48673a6,ebed1250,18,0,0.21734616268253767
9756f13a,ea899386,9,0,0.23665051326630263
d8a171a3,f229aa7f,4,0,0.2523052544922193
03b3c5af,d74028ea,1,0,0.17423928411818285
9069684f,fffc11ee,1,0,0.2168012761261206
163d0dde,f87eb1b3,18,0,0.19647547292675852
5766f176,e7a997b5,3,0,0.2054942986038477
2120328e,6de04ee2,20,1,0.16963784848273486
529d9642,8ad1ad84,1,0,0.25608444636047667
3d06b643,930dd1f1,19,0,0.18540560341158546
4138b081,f729338f,3,0,0.18981949573070378
00f79486,fb312dc6,20,0,0.20288324550007247
b434c275,fdc4f384,15,1,0.9957947801062039
1dab88fb,f59d9b6e,3,1,0.20428533592807863
1071f735,cd835290,9,1,0.1841016361745759
83b44c9c,8d9871a9,18,0,0.19551747730821384
40132ebc,d783d815,15,0,0.2750408380811355
14b0fb8e,6490bbe8,19,0,0.189255293108445
a368f345,e5d02e93,15,0,0.20679406034454406
08cf0478,0f14b12d,15,0,0.18483026210281156
d2a4c1fb,dcdaf666,18,0,0.19910377955541078
25597bcb,5fcbdd19,9,0,0.19398320513054926
643e22cc,bd7281dc,9,0,0.18727869915982073
63bfa731,7974ffba,2,1,0.1950235265356773
04df7bb8,85125ecb,8,1,0.16848337994963364
646b3abc,8261bd1c,4,0,0.20194543920532532
05ca89ed,5b9a0551,18,0,0.18514453192559543
01b911ac,a195911e,21,0,0.24129555625330623
079ad09e,20012377,8,1,0.3869275531898788
6653a758,6bcc5afd,19,1,0.5032208678936594
11c2ab99,259c1ea4,8,0,0.17968574053261965
0df4050e,6f02c6d9,20,1,0.20436468219009724
d1cd194e,dbffab11,9,0,0.1937378130429779
2b9dfed3,351c9206,8,1,0.9999999999999999
169e34bf,609af028,20,0,0.17708153033252275
1c4d348d,565f77b7,9,0,0.1756220416542334
0922b7e7,c34bb733,9,0,0.2038815184771238
2eb89317,d4a3869e,4,0,0.16227812368272287
3a12e509,47310b0e,20,0,0.17914377122848552
8f30bfc3,af1b152e,19,1,0.9993175224400919
51cc7026,51d88c51,16,0,0.20644413673162373
0f14b12d,7d12d33c,15,1,0.3939492691832123
0c0af0ff,d6a8d884,18,0,0.1800395717133521
80881cae,ad4c7a20,21,1,0.23123072912627102
1ea771ea,ee270b2a,8,1,0.1580768697970512
0df4050e,d9199dfd,20,1,0.17973758275310536
42fe7dd0,c4ca2ff3,15,1,0.22176065546810853
69b8ffb2,c9159d9c,20,0,0.18983980125285094
baa8e497,cc9230d3,1,0,0.1773830681375672
46e9aed4,ee4f7b06,19,0,0.18773253899436135
3368f340,402aff07,4,0,0.24116014145490317
0889dcfb,22138fad,21,0,0.20008435154173937
35857a5a,ab7507bf,15,0,0.22413211545431447
bdfe8110,e6a6e318,8,1,0.2538797208196308
016510dc,f1540246,10,0,0.20711150378930607
317a209c,548ffb07,14,1,0.9999999999999999
2eb89317,fcc7e8fa,4,0,0.2172777282195518
829d2024,9852706b,9,1,0.18313931479708961
11373c16,7011024d,19,0,0.15231609753383105
51d857bc,c392efe7,2,0,0.21028365804049767
3cf63146,bdfe8110,8,0,0.2935005379758902
29210e56,46e9aed4,19,0,0.21059421907065218
5647d16e,ea09d197,3,0,0.18448692193312358
90dc2b20,d8a171a3,4,0,0.23864749100259527
1f748faf,851fafb6,7,0,0.17544125918278727
e2fe9d7d,ece1820d,13,0,0.22009769787966244
d12f26f0,df594a00,8,0,0.22914601575411167
aa4b840f,e99c14b9,4,0,0.2055972043593231
4548305b,be3b1289,8,1,0.20382424680656802
98950986,b9595381,15,0,0.21251879515796138
0d4d22e0,d20e861b,10,0,0.18438540878653945
a4d6775d,eea69e7f,19,0,0.2932952947545632
0588b869,69b2fd22,19,0,0.19270730693128177
4e87c35b,f1f600d9,18,0,0.18492893471653565
71c7ac71,8f778337,8,0,0.24582283969906293
26e699de,3dd65549,4,0,0.21966188240818882
307ef2cb,565f77b7,9,0,0.27727684978962175
856a8eda,a3e272af,9,0,0.19321993439471125
6815a099,f41057db,2,1,0.26459405349141923
81a9086f,baebdc56,14,0,0.2404378723489983
5e8d1aaa,c4d04ce7,8,1,0.33390979940247595
8703709f,d2901569,21,0,0.22963119929103926
5756162d,808f7516,6,0,0.20444298248247347
6f037b1d,ef1117e3,1,0,0.19310533584836898
93ee4612,da5cf40b,4,0,0.19758387409928732
3a12e509,6de04ee2,20,0,0.19300744092614308
0f3a2acf,dba80ad4,1,0,0.19911704331328758
24afd00e,424c930b,1,0,0.1424307072494077
7011024d,e6b7a899,19,0,0.190446412869206
d9199dfd,ff1fc018,20,0,0.23706293871194112
49b94994,558df7d4,17,0,0.21405809834629255
3c667d4f,be3b1289,8,1,0.1539122360651716
734a94be,cb87df79,19,1,0.16616382690528278
169e34bf,fae0662f,20,1,0.1769076933196536
c73cd266,d2eb953e,1,0,0.17312984696163955
df594a00,fcbe7917,8,0,0.22614579869863363
3a12e509,c9159d9c,20,0,0.19639319895899401
1adac634,a7e7f371,21,0,0.20348432715097506
12c1cc56,7b71234c,19,1,1.0
fc7dfa16,fe94ee2f,18,1,0.9999999999999999
169e34bf,69b8ffb2,20,0,0.1963988030891552
21123500,fbd26aa0,9,1,1.0000000000000002
49e94e7e,da5cf40b,4,0,0.1918043169916822
8c591975,b6724dd9,8,0,0.18026195991888344
42c7b9df,adbb2f71,16,0,0.2362930713205578
47d54299,63bfa731,2,1,0.1949841012182975
4a5b029f,fb05904c,4,0,0.18830537390068824
4851a411,e201bc2e,3,0,0.22113903807506358
39073790,d735b078,6,0,0.21786673786210273
ca0c55ad,e14d1ba0,18,1,0.9941540591631757
2bbf754b,69b8ffb2,20,0,0.18371906602131846
7814575b,b55888de,15,0,0.2008763002838218
3e28571b,77b5c134,6,0,0.1904878291906384
40cc90ae,51151974,15,0,0.18346059888524535
26ad111c,b0a01ee7,15,0,0.1979621026710208
298ee961,392218ef,20,0,0.18222843404143116
00af3420,86102d81,15,0,0.19944169098003314
00db6701,0c1143f7,18,0,0.245649529924694
5289e80a,d82fa7e3,1,0,0.23148441793098587
52cd85f2,ff34fab2,20,0,0.28621557717268853
0d11fb94,8c79c384,19,0,0.17731406977791625
cc9230d3,ec558d69,1,1,0.18944352111262858
3850468c,403e3270,16,0,0.22125675654322505
fadc1365,fdd85afb,8,0,0.22486554812091278
66565156,6f393cfe,15,1,0.2161826336826086
0b04b41e,fdd41565,15,0,0.21916829766044332
4a1573d6,db8d728d,10,0,0.18404119694810506
8d6f1bf5,e90a198b,4,0,0.20886164684368513
3088ca9c,a2cf5634,15,0,0.17263799058300827
51cc7026,e81b2d16,16,1,0.22178323390328095
8a5fe3d9,ea899386,9,1,0.2313672751962731
8a729537,abd16ff0,18,1,0.16953303567805125
35f0c004,8d6f1bf5,4,0,0.18362452226225753
31f29772,d04e5afb,9,0,0.23847597698162534
ba468e1f,ff34fab2,20,0,0.21051457381332966
8aadde13,fb20d298,11,1,0.1823078202878028
54129ce9,607d5541,7,1,0.9983777963184297
ba468e1f,d9199dfd,20,0,0.23082748001093864
d5dc6626,f59d9b6e,3,0,0.18518049271428416
67241a76,8a39dbf5,8,0,0.18484032386900642
23cb8587,a5f41b95,1,0,0.18521256691219437
07043d35,97a7fab5,15,0,0.19617777112065737
73f57af1,9a20c823,1,0,0.20746133951364756
778c91af,9399204d,15,0,0.21081370018876988
29210e56,4323e2bd,19,0,0.2700149494303543
1dab88fb,b7de5c19,3,0,0.2021048050349684
5d175166,d1391025,3,0,0.22884547552200607
0ecf356d,b2bae06a,6,0,0.15977069916794404
81fb6415,b3d4c5ca,13,0,0.19717747348620301
2e404969,bc46480a,21,0,0.18303720749452945
4f7af821,f870e76b,8,0,0.17966128289890398
45f46b14,7b162d33,12,1,0.5968628017192033
2915ac5b,9b8c6bd7,18,1,0.23709228540541058
b55888de,d3a0b8d2,15,0,0.3834544159328142
548ffb07,921b6e4a,14,1,0.9999999999999999
4201fdf7,93322168,19,0,0.1812800239704641
1dab88fb,9c55bc1b,3,0,0.19932871532302396
6f393cfe,d3a0b8d2,15,0,0.3151881786055102
49b94994,f0d91796,17,0,0.20638161606713645
1162c08f,f6ca6fc8,19,1,0.5275451538723462
3afcc566,fcc7e8fa,4,0,0.19980982385320087
b56ebada,b95a75a7,11,0,0.18377293164186084
8782922d,f5f97f19,15,0,0.15899670125191248
20166f71,a98d56f9,13,0,0.1751964695613252
7bcacc97,e431de28,18,0,0.2146935849922369
161b4a40,49e94e7e,4,0,0.19782832524544922
28c2d81a,8f6421f3,8,1,0.22537307158714986
2bbf754b,d9199dfd,20,0,0.13167701312989954
4eac0eea,f4d6d28d,15,1,0.28243852049772794
5c54f087,c6c7fa0c,2,0,0.22283567207680458
5af25bd7,77ec956f,1,1,0.23839370563907528
680ba922,90dc2b20,4,0,0.18294650432839177
1eda0725,80881cae,21,0,0.218323948026273
53d782a0,5769b7b3,13,1,1.0000000000000002
46bde295,8a858867,15,1,0.22062834406055265
3380fa52,8a39dbf5,8,0,0.21353835000329907
505f8562,ed37ba7d,8,0,0.19288501267911445
2c865582,2ef4c176,1,0,0.18310443130208273
7c11511f,f3d7ce08,4,0,0.17675246015235566
d221162a,ee4f7b06,19,0,0.18010760553857164
0951d079,b2bae06a,6,0,0.16996233563533128
08cf0478,9291ca83,15,1,0.19768920435279413
9f354c5c,a6532df9,3,0,0.1753119004393335
a3e272af,d1cd194e,9,0,0.210205069961451
6255ee79,ac8ef97c,1,0,0.19855941874583483
b434c275,f8c99dd0,15,0,0.1814120381307662
b728ba1d,d04e5afb,9,1,1.0
4ea10951,7c11511f,4,0,0.19577508050211848
43b85d63,a37923d1,11,0,0.17535107619299015
0c00d532,521c5645,18,0,0.1970536555377385
597195ee,5f3a196a,21,1,0.1933527623511132
29bbcd8b,d4779c71,6,0,0.18271310578345476
c34bb733,ea899386,9,0,0.18555980257911378
3ff25f43,a195911e,21,0,0.18057115785301173
4138b081,f59d9b6e,3,0,0.180206175280408
8be61667,ca3128ab,18,0,0.15552694117257823
372a4f50,e435b1ac,9,0,0.21777887598062778
680ba922,6d7d5dd7,4,0,0.18472476838862675
873828f7,ac8acb97,18,1,0.21445880275120527
884f5678,9862c742,20,0,0.2401789790979073
4f7af821,8f6421f3,8,1,0.1979186889099245
3b10bd6d,f2cf6a74,15,0,0.2403909340548231
69b8ffb2,ba468e1f,20,0,0.18712800748611255
22dff786,624529e3,21,0,0.4131267576583241
2722ef48,e9144440,3,0,0.2038394610076297
3b498a39,e6b7a899,19,0,0.21901491267429626
4548305b,c0aa6246,8,0,0.24215516868700104
4e28b45e,fc1771af,4,0,0.19150430557496206
a101df86,dffa45ac,17,1,1.0000000000000002
04df7bb8,aaccc000,8,1,0.17375326246627296
141effef,9cea10af,19,0,0.2554160736621195
bf0df1d5,d1cd194e,9,0,0.21263931612109535
74f4382e,bd584714,1,0,0.18528630569169674
0e87b87f,6369a7a2,10,0,0.1830178925123584
3e93b259,a60fba84,18,1,0.16824020830878467
04a706b1,5b7127bf,2,0,0.20413476830099817
141effef,6653a758,19,0,0.35761132227643144
2a35cd81,464ad4dd,15,0,0.19709400836110882
0b04b41e,9291ca83,15,1,0.23110896240331638
9261620f,f0881ab5,7,1,0.5427724935953893
c4ca2ff3,d83f74f7,15,0,0.22354768472357045
71c7ac71,bdfe8110,8,0,0.24441348598166224
4e9c4bf9,f9e08a46,19,0,0.42675217650681885
29cf2e70,72d9eb5b,20,1,0.5565266110553275
12c1cc56,c06c758d,19,1,1.0
90f01508,e00b1794,3,0,0.17766446539049818
d9199dfd,fb312dc6,20,1,0.26608097403340125
a7063d01,ac4d0fc5,3,0,0.18698658923330025
584b0e9e,c9159d9c,20,0,0.17689200711068678
2bda1866,e4ab72e5,4,0,0.20217138380523364
585af783,f7a0ea6d,15,0,0.24989683536276389
b8b08542,d783d815,15,1,0.5634016794845617
3a12e509,e812ee0b,20,0,0.1847542113559021
0f09b843,45e41c6d,15,0,0.22619028906914504
49e94e7e,fcc7e8fa,4,0,0.22379924341592422
a7e7f371,f8e7b886,21,0,0.22709743341777178
e1c4f3db,e81b2d16,16,1,0.1634518398897389
11c2ab99,fadc1365,8,1,0.2790047993883414
5af25bd7,fa1bf524,1,0,0.20032923399168984
cdb801a1,dcdaf666,18,0,0.1755361197169791
4303de0d,c9a316ca,1,0,0.17300405807217628
6c4ac8d3,829d2024,9,1,0.21368149385666946
29cb9b0e,c77654b8,17,0,0.23878506094508004
5449d33c,dff5ff0a,15,0,0.204490279955091
abd16ff0,db1ef8b3,18,0,0.16505263336587778
4da08761,a5d5a95f,15,0,0.21707471872879916
18d20d2e,d8a171a3,4,0,0.19708067415257305
1c8bb204,7d7cf9a7,18,0,0.1587550482560511
4552d8a0,ec4c7e8e,20,0,0.21036525404462222
5dbd0a07,bdc08e6f,9,1,1.0
67996c4c,9028caf7,19,0,0.18529270338702614
7d9b95c0,9d33ca79,3,0,0.2033302058938953
40cc90ae,9399204d,15,0,0.1929018287976778
49b94994,d8654140,17,0,0.25315734875825835
7011024d,eea69e7f,19,0,0.1845899175605975
169e34bf,ba468e1f,20,0,0.19168767918009344
0048a372,0adb1ee5,8,0,0.19135582069021015
3e93b259,e431de28,18,0,0.18829098685391218
8639f6c6,e18ae6a1,8,0,0.20636691268247376
ccc8ef27,f7a0ea6d,15,0,0.23414040823426185
3ef54b1a,bac616ee,3,0,0.1868886728899735
1f257299,76b978c2,5,0,0.2101918950695112
ad2a1ae2,bc46480a,21,0,0.1966018490269895
bdfe8110,fadc1365,8,1,0.27898353968623735
ec607ca1,ed37ba7d,8,0,0.158639173134101
8a39dbf5,ff3283cf,8,1,0.3139217912340194
10584086,f229aa7f,4,0,0.1971301973245337
1a400c1b,b505f95e,8,0,0.2007961547586829
464ad4dd,9291ca83,15,0,0.1967920079696965
402aff07,f229aa7f,4,0,0.17743717282125235
4e28b45e,d7a8434f,4,1,0.9999999999999999
34b9ed7f,8311f375,5,1,0.5985053866834066
624b8db5,90f01508,3,0,0.17918495318022837
d6bbd286,fabb36ff,3,0,0.2317325181447013
99afdfb3,e152c1ff,13,1,0.2647694393521162
5a74241a,6490bbe8,19,0,0.18248880259934974
6de04ee2,d9199dfd,20,0,0.24557913951881202
90d0ffd0,b21c7532,10,0,0.17838144201740774
ca3128ab,e270e909,18,0,0.1715544179811303
1013b392,5a340556,17,1,1.0000000000000002
ae716b8f,f1a42a42,6,0,0.19001464411477142
808f7516,9ebe348d,6,0,0.19285877051635336
28c2d81a,48c5f745,8,1,0.19806252351367162
3b498a39,ae775964,19,0,0.21037859894315697
8e990c75,96b3758b,19,0,0.18492022543902362
54d7c21e,a7e7f371,21,1,0.9999999999999999
8c011cb9,e0f6aad6,12,0,0.18786754925492477
1ea771ea,b9219544,8,0,0.18192341498257342
5f3a196a,d76e3b9d,21,0,0.1842051004546866
565f77b7,856a8eda,9,0,0.19606730684188717
2470b521,2da4b3fe,19,0,0.1982534496421546
a101df86,f0d91796,17,0,0.22690449002867802
48993e07,96cd6ee9,8,1,0.1986478428405995
69b2fd22,d221162a,19,0,0.19692426424590737
6f393cfe,7a9c69d8,15,1,0.9984182514828955
317a209c,3e6def38,14,1,0.9999999999999999
1be078c4,7ae0cb0d,8,0,0.24239849470526592
26e699de,76ad805a,4,0,0.33855883506484175
51e5a1a5,960a4c0f,18,0,0.185321460204953
99ccaa44,e7a997b5,3,0,0.1864102479880343
5af25bd7,cbbbed5f,1,0,0.20345658420939908
72d9eb5b,884f5678,20,0,0.18135328724168717
a8f7c8b7,f229aa7f,4,0,0.1770209346753544
09586ae3,88c90c09,16,0,0.18394135063959194
8a041ef5,bdf7bfb2,15,0,0.16502022330398897
a4ec80a0,d314aa92,19,0,0.1778613692819417
54d7c21e,80881cae,21,1,0.25209633812232746
2a35cd81,97a7fab5,15,0,0.18431966945663747
11373c16,d8e4eb5e,19,0,0.18113935170811143
11d91f31,4323e2bd,19,0,0.18140681545024126
7c220622,a06631ff,7,0,0.1926883802917806
cc669e02,d88fa51c,13,0,0.20988376997842112
c9159d9c,d3a96420,20,0,0.1778767241728589
2f8c3bf3,3c667d4f,8,0,0.3283807551468306
a7894e0b,fadc1365,8,1,0.19227168113006363
69b2fd22,764484c3,19,0,0.22082217758254893
69b2fd22,7bc92b7f,19,0,0.2340030934777773
3b498a39,69b2fd22,19,0,0.18045542966641415
38b356b7,c77654b8,17,0,0.17924679678783614
1500a4fa,d7a8434f,4,0,0.2156082102379848
8f31b279,a3e272af,9,0,0.1826324402599171
45561f1f,cc9230d3,1,0,0.18501695428127127
94b3b86d,efe594c3,2,0,0.21383560298982313
829d2024,8a20e743,9,1,0.1982514744106623
3cb8c2b7,ec8566b8,3,0,0.16925161340761988
1b372750,fdd41565,15,1,0.2003463380357962
45e38fad,5be7547e,3,0,0.1822340240816498
4212c4b9,829d2024,9,1,0.18249412723601724
584b0e9e,d9199dfd,20,1,0.2081189949647181
8d9871a9,eb6cfca7,18,0,0.21017040874607
169e34bf,2bbf754b,20,0,0.1379854745690285
4da08761,d6fb3b9e,15,0,0.17869261294166483
04ed33a5,7ea34254,17,0,0.16491765937163932
80c384e4,967b67b0,8,1,0.9983888241150073
68d422ec,d77f722c,8,0,0.19517391072079476
1162c08f,6bcc5afd,19,1,0.48005869343921875
065e0cbd,9b449b4f,5,0,0.17315906315140545
764484c3,9028caf7,19,0,0.22082217758254893
5ee4d2f9,b38468e8,19,0,0.20529130294504927
ac180326,b728ba1d,9,0,0.1984973328581838
7686c854,abd16ff0,18,1,0.17709404496400116
29cb9b0e,d3da65ff,17,1,0.9999999999999999
45b19e51,f9adc043,16,0,0.2107568002699347
3cbcb1cc,6045e5d1,8,1,1.0
312d9460,e7024f3e,8,0,0.18453925392330323
46e9aed4,8ddb5587,19,0,0.17741123645006562
4da08761,c4ca2ff3,15,1,0.18152036685222472
530f01c2,f41057db,2,1,0.22290822471109523
ac180326,d1cd194e,9,0,0.19913016777401607
8d9871a9,e431de28,18,1,0.30005351466490354
2c7a0000,69b2fd22,19,0,0.20775626139850345
b7de5c19,c022c315,3,0,0.19620843466644453
317a209c,9ab3c0e1,14,1,0.1789819700792408
810cf242,968c1e7e,8,0,0.22467058672712417
9fc811f7,cff39394,2,1,0.20482507350793147
0588b869,11373c16,19,0,0.2313490256213098
608ee4fb,be7b6026,3,0,0.1903672090534952
7f42483d,c9a316ca,1,0,0.1819885445176306
810fd282,ec558d69,1,1,0.3659717142291598
41e69083,54eb1a6b,13,1,0.9963605505069553
a3ebea91,f80f6d8d,6,1,0.11074583994642513
77d22fc3,d3528b2a,4,1,1.0000000000000002
ac180326,b1e9f1f6,9,0,0.21515983106351746
464a03b8,f0ede32a,20,1,1.0000000000000002
3e8ff074,d9199dfd,20,0,0.22957454338238076
2a655afe,692a4496,5,1,0.26467229652770613
1eda0725,d2901569,21,0,0.20817643391202767
8f6421f3,ea2fc2bc,8,1,0.2344024849088672
6b83b22e,c59194c7,17,0,0.16046184789115386
22b41936,29210e56,19,0,0.2012295415726617
ccc8ef27,d6fb3b9e,15,1,0.9982186812155938
392218ef,f0ede32a,20,0,0.24210617916093077
2fdcf0ad,d20e861b,10,0,0.1693204249525556
1230c43e,2bbf754b,20,0,0.14900969080144405
2b2d3b84,aaccc000,8,1,0.18894176550929562
3380fa52,f28b8cb4,8,1,0.1988724078564215
2c7a0000,f4f1b18f,19,1,0.17647645244673513
2d1553b5,656d0f78,5,1,0.18161827044854417
04df7bb8,ee270b2a,8,1,0.15825701439691225
0c9d4def,ef1d196b,15,0,0.20618442180858934
6d55e68b,d8a171a3,4,0,0.2108281906724927
4a570de6,4d279121,9,0,0.22200523333776861
90f01508,ec8566b8,3,0,0.17668584657093045
0b04b41e,4da08761,15,0,0.2199979012545261
29d865c3,5cfa2861,4,0,0.1504017149960725
6018974f,bdf7bfb2,15,0,0.20575222068931395
31cdf5fe,80cc284c,21,0,0.2513199810822366
76ad805a,f229aa7f,4,0,0.1830430812829585
548ffb07,e7dce35b,14,1,0.18945773918675385
e6a6e318,fadc1365,8,1,0.26028833147038904
2b8f032c,a195911e,21,0,0.21440321066298443
bdf7bfb2,d92c5342,15,0,0.20404746826135248
3a12e509,fae0662f,20,0,0.21788476991582167
4499e3b9,cbbbed5f,1,0,0.21253207231402724
2560850b,76791c9f,3,0,0.18078958118252794
722e318f,b790ef12,20,1,0.2076718101094833
317baeaf,e17c5159,4,0,0.3015447940456401
2bbc6c80,4e58558c,1,1,0.35619098776025965
4b398e3e,94690b36,17,1,0.19973499965717506
2da4b3fe,f4b87cc2,19,0,0.18985564237403205
0c9d4def,f665e87b,15,0,0.20694557323307683
9c55bc1b,c9da41af,3,0,0.2137197001509063
175201f9,9399204d,15,0,0.22312258927070355
a6520606,fb05904c,4,0,0.16728633732899234
07749c65,2bbf754b,20,0,0.13980509573706443
72d9eb5b,af0deeab,20,0,0.1876293064523924
734a94be,f6ca6fc8,19,1,0.16812861415221902
5db541bd,5e3089fa,13,0,0.1753001034105318
6e207cbf,dc281165,4,0,0.18325297039386026
b7de5c19,bac616ee,3,0,0.17534460353312378
3d88acb8,8aadde13,11,1,0.18993383740265632
a3e272af,f7fc2e94,9,0,0.1821335004807534
5f3a2a70,e7a997b5,3,0,0.19541090874120978
00af3420,f4d6d28d,15,0,0.1967327926467998
5288afb7,df594a00,8,0,0.26329293785251545
089b7f00,fb20d298,11,1,0.2437725143208894
29210e56,c4cdd3af,19,0,0.22539528656927565
2120328e,464a03b8,20,1,0.20300545770627074
6f02c6d9,d3a96420,20,0,0.15199799856447976
ac144188,e899614e,7,1,1.0
0017d438,ac180326,9,0,0.18304152288002615
34cd5b66,d6af96bd,10,0,0.18792598864955326
2bbf754b,9862c742,20,0,0.14617363528572863
54488276,f4757480,15,0,0.20864199443903902
11373c16,69b2fd22,19,0,0.17496150852433956
b9595381,d6fb3b9e,15,1,0.20471303884065303
9be0602e,c4ca2ff3,15,0,0.15247137557888277
1c8bb204,4b7646f4,18,1,0.3561995144570344
00af3420,d92c5342,15,0,0.20184904674706006
23594fdf,b185d034,15,0,0.19471155860990552
1d43139f,fdd41565,15,0,0.18483158839804603
0cedec8a,ac8acb97,18,1,0.19338634666053767
9f354c5c,cb032314,3,0,0.17541739509622112
d23b398c,e14d1ba0,18,1,0.24907957043913423
4241f473,77448a05,15,1,0.2074654755407384
565f77b7,e8006510,9,0,0.19985106766333183
10013f73,a8f7c8b7,4,0,0.15652297230559453
60557643,948e98b6,17,0,0.1648851114264326
51151974,c23278ec,15,0,0.23526810343487486
00c0b82a,1ea771ea,8,0,0.16767823149130853
c9159d9c,f0ede32a,20,0,0.18010466068233974
9399204d,b434c275,15,1,0.9955163634261119
0e68e463,d9199dfd,20,0,0.25266726006747536
08b9908d,f5fb1b62,8,0,0.24313036841171612
04df7bb8,1ea771ea,8,1,0.14972222138309693
01c915a2,4e5ee0f7,15,0,0.17185221971546424
80407703,99e059b8,13,0,0.1807628710636887
45e38fad,ec8566b8,3,0,0.17660632612986407
6db218a2,8ad1ad84,1,0,0.1820375196937672
43ca682a,baebdc56,14,1,1.0
13860c31,870e16d9,4,0,0.20286312494231767
1097b326,f1f600d9,18,0,0.18910337692943466
b185d034,ccc8ef27,15,0,0.2240121094701821
04ed33a5,0c173033,17,1,0.2187452854131645
15941165,3b10bd6d,15,0,0.2099978726567166
3a12e509,52cd85f2,20,0,0.2191243288727267
c9da41af,f59d9b6e,3,1,0.23037827091622512
313b42e6,e45446bc,18,0,0.1043606418208843
4da08761,6f393cfe,15,0,0.1699918719952329
ac7187d8,b7a6c59c,18,0,0.28243542877905276
0ea5a836,732c98a0,15,0,0.1653488609154241
6f393cfe,f38ae053,15,0,0.19388150397206894
624b8db5,e9986d44,3,0,0.16446512722651277
27ec4acc,ddcadc64,17,0,0.15981697008619164
b7de5c19,ee65f7f5,3,0,0.20632536002914098
ee270b2a,fc80cbe0,8,0,0.1901198142971759
13441e8f,2ebeae13,19,0,0.15764490223720687
2063ba3e,2ba7edb6,16,0,0.20495286892841968
6e637812,aa8091b0,9,0,0.22100333469821248
8532d5ed,b9595381,15,0,0.22513880130841976
339fdc7f,6be4dcef,15,0,0.2256481643197341
3368f340,a8f7c8b7,4,1,0.3079171983265042
1230c43e,ce0b2178,20,0,0.2109895712107344
17e67976,656b62de,15,0,0.18703872604441465
722e318f,d9199dfd,20,0,0.23466337496688572
31cdf5fe,f0801d53,21,0,0.1859951822563144
0c9d4def,d3415fc5,15,0,0.22917453049581796
51019113,bf85ab7b,1,0,0.17372998496377148
7de69858,b76bce8a,21,0,0.2401061279881742
c287ea9d,d2901569,21,0,0.22121530640245354
ae4d5b49,f665e87b,15,0,0.1790721395016341
3e191f3b,595f5d6c,19,0,0.2093373769714625
1adac634,ad4c7a20,21,0,0.19284046429978086
63bfa731,949502c2,2,1,0.20131882739005744
3951966f,9bc690ef,19,0,0.21348557384410977
5b9a0551,db1ef8b3,18,0,0.2066163482983034
1ea771ea,3c667d4f,8,0,0.13812264336269248
1162c08f,734a94be,19,1,0.16749940817172393
a4c98ae1,ee4f7b06,19,1,0.17053637861157964
bd3051e3,e2e37533,10,1,0.36278740146659944
853acff9,929b98f0,1,0,0.16755432599607387
53196443,e496d229,18,1,0.1886787543729287
1f27b677,81fb6415,13,0,0.19200682282184045
0ee2f8f1,c2b7b017,16,1,0.15727712480504716
c57997b6,ff10b574,20,0,0.19401881456405723
0f6ca337,6843cc19,11,1,0.9999999999999999
29cf2e70,2f4509a0,20,1,0.15741775048393195
35bb6075,76a69f5c,15,0,0.20307272337441445
26e699de,402aff07,4,0,0.3805658683099338
69b2fd22,e6b7a899,19,0,0.2004311582056203
28820c82,8637bb90,18,0,0.16472946383757742
aa266c38,b5fbe7a2,9,1,0.19899956128449042
3e93b259,9d753699,18,0,0.1713608597344278
72d4d693,ad2a1ae2,21,0,0.19924202354132003
aa8091b0,eec856c0,9,1,0.2061500727254205
0e68e463,2120328e,20,0,0.17486228094923661
29cf2e70,584b0e9e,20,1,0.15730052740955358
9ab3c0e1,d5fa4746,14,1,0.19777645316621878
4d279121,856a8eda,9,0,0.17528177474912063
21c9b214,d5a20936,4,1,0.18168542531150628
3951966f,b842cf12,19,0,0.1926203607396666
cdb801a1,e14d1ba0,18,0,0.20471577649327424
51d857bc,63118334,2,0,0.1718546011510691
54e71b9b,fd16f5b0,1,0,0.2413273127529338
31f29772,ac180326,9,0,0.1996465537473506
8a729537,e270e909,18,1,0.1802839897473115
51d88c51,c2b7b017,16,1,0.20172508612895557
0d11fb94,f9e08a46,19,0,0.2025115038014131
3f6f1267,cdb7a891,14,0,0.17927829900203937
47d54299,da0b7cb2,2,1,0.2013525537097588
132281e9,f415c0bf,16,1,0.1508352825754239
18e2441c,b728ba1d,9,0,0.23469326459344012
60c85a4f,8926151a,19,0,0.21553979634245632
0fdc80c5,28c2d81a,8,1,0.20721231166515283
2eb89317,5f0a176e,4,0,0.20419128950569868
16857116,6e207cbf,4,0,0.18133704981808846
4685c420,77448a05,15,0,0.1820035259642385
28d8c381,417833c3,5,0,0.178079251325803
3412b353,528a6162,21,1,0.9999999999999999
3b498a39,9028caf7,19,0,0.18045542966641415
38601291,3bcd2014,16,0,0.1886715069894879
548ffb07,9ab3c0e1,14,1,0.1789819700792408
884f5678,cf27732e,20,0,0.2325145979699739
4fb09c5f,c57a973e,8,0,0.21292425047982824
1a31f5cb,dc575a6c,1,0,0.16585947684370095
3ff60986,d0b4b96c,1,1,1.0
11c2ab99,4f7af821,8,1,0.1940473353932222
3afcc566,90dc2b20,4,0,0.17558699533522582
f28b8cb4,ff3283cf,8,0,0.19964899696461505
9fd33d5a,c220c822,8,0,0.23740058509987136
a5d5a95f,c4ca2ff3,15,0,0.18676176120467008
b5da712b,dd994c01,3,0,0.15628397095775015
c9159d9c,fae0662f,20,0,0.1659621975464057
a5d5a95f,ab7507bf,15,0,0.20069929932221453
67996c4c,7bc92b7f,19,0,0.19631572246378926
8e990c75,d9f6c257,19,0,0.25542490878226726
ae6567fb,d22a53cd,2,0,0.17717184867319324
35eb27da,8559d49e,12,0,0.18674963054647573
2bbf754b,3a12e509,20,0,0.16452444955299478
34aa6a45,dd5fd2a2,1,0,0.17540335546294467
927384f2,b2bae06a,6,1,0.16333599388835596
ba8800f5,d8e4eb5e,19,0,0.21919007442471575
0e68e463,29cf2e70,20,0,0.23211836140273057
8f31b279,d2f74dfc,9,0,0.24737486716251683
0951d079,0ecf356d,6,1,0.1728814113409472
921b6e4a,e7dce35b,14,1,0.18945773918675385
116765b1,38601291,16,1,0.1771531159911233
ad4c7a20,f8e7b886,21,0,0.24254287841615202
05ca89ed,163d0dde,18,1,0.19300463449620534
b08b1c3c,d92b4600,11,0,0.18003188452924676
1a6f8b20,f6ed6826,15,0,0.21203304228473874
6f02c6d9,c2242c42,20,1,0.18722452436727863
c1fef98f,fadc1365,8,0,0.22069752551785746
00af3420,5449d33c,15,0,0.21538762536037404
1a6f8b20,77448a05,15,0,0.17485989117566936
0b04b41e,c4ca2ff3,15,0,0.21691149443619484
81fb6415,fb69b3b4,13,0,0.17901356690374703
72d9eb5b,9862c742,20,0,0.23460571205372718
2af19170,ac8ef97c,1,0,0.1822262927292246
169e34bf,c9159d9c,20,0,0.1800063805955519
9310ad0c,f36138e7,21,0,0.1965097577353977
e431de28,eb6cfca7,18,0,0.18912750205702802
6f02c6d9,c9159d9c,20,0,0.17948844085597862
8f6421f3,bdfe8110,8,1,0.2648361114489637
a7e7f371,ad4c7a20,21,1,0.23747971814195423
16857116,f3d7ce08,4,1,0.34303452750325863
3d06b643,db7f80a5,19,1,0.17222327107800323
06b9cf99,fb69b3b4,13,0,0.16318254890397557
7686c854,8a729537,18,1,0.19094906170362783
5a81e159,d82fa7e3,1,0,0.19858416764978123
46e9aed4,7011024d,19,0,0.15354435770385547
29cf2e70,b2001d68,20,1,0.07619789925464887
22b41936,9cea10af,19,1,0.23136177819765796
487c9f62,54488276,15,0,0.21251903200660624
2e404969,597195ee,21,0,0.1933806792958908
69b2fd22,d018b49f,19,0,0.18966770723699256
31f29772,b728ba1d,9,0,0.23847597698162534
3c667d4f,a7894e0b,8,1,0.15529781768417306
1c8bb204,7ed5a88d,18,0,0.1877110765382271
0f3a2acf,16e6d8bb,1,1,0.20072589285541054
2acaa7df,46e9aed4,19,0,0.20228418934241013
53551ea0,6be98ece,16,0,0.19237271192130653
968c1e7e,a4e1511a,8,0,0.19457061940539833
464a03b8,cf27732e,20,0,0.20341780446977176
d3a96420,ff34fab2,20,0,0.17397537630233567
11d91f31,eea69e7f,19,0,0.19001496106996285
949502c2,e647bef7,2,0,0.19084449868455555
0b27be88,3f4a5b64,9,1,0.9999999999999999
1dab88fb,99ccaa44,3,0,0.20161463035844493
6bcc5afd,cb87df79,19,1,0.4730400491314758
49e94e7e,f3d7ce08,4,0,0.2127602964312975
38129877,7493a104,16,1,0.3328711651817557
00f79486,ce0b2178,20,0,0.261887708206867
0951d079,927384f2,6,0,0.22498907551821112
1dab88fb,a6229ee9,3,0,0.18487394435156584
3dd65549,90dc2b20,4,0,0.2486875977162955
6db218a2,90b71536,1,1,1.0
3380fa52,e1a5831a,8,0,0.21210967101085998
90dc2b20,f229aa7f,4,0,0.25402548958120935
4a570de6,6c4ac8d3,9,0,0.2195362795830092
e185bce5,f3d7ce08,4,0,0.1981275541480858
1097b326,b45d28b2,18,0,0.1541222143191741
51151974,7d12d33c,15,0,0.1888516293660463
2bd5c798,317baeaf,4,1,0.20930990677199016
12309af3,390d2f23,17,0,0.16458117112912304
930dd1f1,f4b87cc2,19,0,0.18554554654051802
4323e2bd,ebd8ff55,19,0,0.19327917215251014
63bfa731,9fc811f7,2,1,0.19844652537739088
48c5f745,4d25818e,8,1,0.22031772809410946
c4ca2ff3,d6fb3b9e,15,0,0.23211427068787693
3d06b643,f6ca6fc8,19,1,0.280220388208731
c57a973e,fa484fdd,8,1,0.23006046153395754
39210347,68dff461,17,1,0.21640133786314825
2b7b2d45,a0b406e6,7,1,0.18173199284695365
8b490132,db09b3f9,11,1,0.3594278629324831
26e699de,90dc2b20,4,0,0.20100967903245
595f5d6c,ae775964,19,0,0.382859699361699
a0b406e6,c9b4bb51,7,0,0.1905027162594936
54d7c21e,ad4c7a20,21,1,0.23747971814195423
9862c742,d9199dfd,20,0,0.2691589835995289
547ee69b,5ce1fe32,19,0,0.1711056206249846
8ad1ad84,f652c678,1,0,0.2102535365573073
99bc7da3,b3638571,7,0,0.19853986604267593
2da4b3fe,3d06b643,19,1,0.181643149384651
9862c742,cf27732e,20,0,0.2052025632325024
3ff25f43,c287ea9d,21,0,0.20594309913778674
4fd752f7,c7239c97,9,1,1.0000000000000002
18e2441c,792863db,9,0,0.2002608438295938
2e404969,d76e3b9d,21,0,0.17984597291646456
722e318f,c9159d9c,20,0,0.1848912327536732
13441e8f,141effef,19,0,0.3642580829463889
9d1bfd29,fe07e031,13,0,0.20973865510684384
07a0e4dc,bac616ee,3,0,0.1786823875765496
9cea10af,d63e6e3f,19,0,0.21230890905320354
35bb6075,42fe7dd0,15,0,0.145849622766082
8a39dbf5,e1a5831a,8,0,0.2124045663506656
11c2ab99,8f6421f3,8,1,0.26454185229495375
0b5cff5a,4fb09c5f,8,0,0.21780276876820875
c4ca2ff3,ccc8ef27,15,0,0.23173377910715512
680ba922,f3d7ce08,4,0,0.18209386647679038
6f393cfe,d61f51c5,15,1,0.09251199949494804
a8e2cefc,ee270b2a,8,0,0.17042419831480413
24afd00e,279e274a,1,0,0.16065937684077905
115c99cb,548ffb07,14,1,0.9999999999999999
9ed0ece8,c48673a6,18,0,0.20234361833328832
595f5d6c,6653a758,19,0,0.173968197569558
2ff0355e,83935617,9,0,0.19132382839349163
d6fb3b9e,f7a0ea6d,15,0,0.2342975100349648
23cb8587,48801d9e,1,0,0.18212500989901642
1386da0e,f87eb1b3,18,0,0.26432184060888564
6a47e491,f2cf6a74,15,0,0.1770117624385567
28c2d81a,fa484fdd,8,1,0.228344708906884
b790ef12,ff34fab2,20,0,0.21007123122877883
7686c854,edce3e39,18,1,0.19193926457156857
6653a758,f6ca6fc8,19,1,0.5118849637611173
b2bae06a,d4779c71,6,0,0.18519776249716868
7974ffba,94b3b86d,2,0,0.1833236306699991
73f1c5f5,da0b7cb2,2,0,0.19386751160035745
a60fba84,c695a974,18,0,0.1622463073045551
25151980,3b5cec19,9,0,0.23633171803673472
5e3089fa,aea245ba,13,0,0.20234079089361423
11c2ab99,28c2d81a,8,1,0.1898773596340551
550335a3,6d7d5dd7,4,0,0.17162789399554138
558df7d4,d8654140,17,0,0.2372371302026116
3088ca9c,6f393cfe,15,1,0.3001157535493665
213340b3,870e16d9,4,0,0.16801859256749882
